date,SR_2Y,SR_5Y,SR_10Y,SR_30Y
2025-06-09,1.8562,2.1607,2.6758,2.9572
2025-06-10,1.8337,2.1175,2.6168,2.8595
2025-06-11,1.8055,2.1241,2.6215,2.9106
2025-06-12,1.7980,2.0861,2.5778,2.8862
2025-06-13,1.8343,2.1081,2.6032,2.8421
2025-06-16,1.8311,2.1136,2.6215,2.8552
2025-06-17,1.8500,2.1335,2.6218,2.9067
2025-06-18,1.8339,2.1140,2.6011,2.8831
2025-06-19,1.8271,2.1102,2.6020,2.8810
2025-06-20,1.8361,2.1173,2.6143,2.8943
2025-06-23,1.8550,2.1123,2.6073,2.8734
2025-06-24,1.8486,2.1359,2.6498,2.9326
2025-06-25,1.8510,2.1494,2.6644,2.9752
2025-06-26,1.8169,2.1210,2.6578,2.9861
2025-06-27,1.8455,2.1564,2.6868,2.9940
2025-06-30,1.8449,2.1560,2.6792,2.9683
2025-07-01,1.8240,2.1361,2.6532,2.9373
2025-07-02,1.8484,2.1886,2.7236,3.0389
2025-07-03,1.8348,2.1589,2.6868,2.9940
2025-07-04,1.8059,2.1175,2.6527,2.9763
2025-07-07,1.8303,2.1606,2.6964,3.0234
2025-07-08,1.8665,2.2014,2.7430,3.0616
2025-07-09,1.8470,2.1905,2.7333,3.0817
2025-07-10,1.8673,2.2168,2.7572,3.1145
2025-07-11,1.9032,2.2438,2.7877,3.1344
2025-07-14,1.8699,2.2344,2.7891,3.1597
2025-07-15,1.8413,2.2000,2.7457,3.1205
2025-07-16,1.8310,2.1888,2.7466,3.1361
2025-07-17,1.8272,2.1757,2.7366,3.1315
2025-07-18,1.8421,2.1962,2.7570,3.1481
2025-07-21,1.8098,2.1224,2.6769,3.0610
2025-07-22,1.7986,2.1025,2.6602,3.0486
2025-07-23,1.7905,2.1093,2.6658,3.0783
2025-07-24,1.8858,2.2095,2.7535,3.1259
2025-07-25,1.9268,2.2530,2.7933,3.1569
2025-07-28,1.8843,2.2087,2.7556,3.1301
2025-07-29,1.9077,2.2310,2.7686,3.1305
2025-07-30,1.9284,2.2477,2.7787,3.1340
2025-07-31,1.9362,2.2466,2.7631,3.1156
2025-08-01,1.8823,2.2018,2.7295,3.1134
2025-08-04,1.8778,2.1787,2.7032,3.0897
2025-08-05,1.8795,2.1778,2.6948,3.0890
2025-08-06,1.8797,2.1775,2.7046,3.0965
2025-08-07,1.8911,2.1894,2.7076,3.0868
2025-08-08,1.9354,2.2382,2.7574,3.1344
2025-08-11,1.9399,2.2439,2.7614,3.1486
2025-08-12,1.9513,2.2757,2.8202,3.1861
2025-08-13,1.9144,2.2142,2.7607,3.1747
2025-08-14,1.9218,2.2299,2.7790,3.1912
2025-08-15,1.9297,2.2864,2.8431,3.2965
2025-08-18,1.9362,2.2667,2.8344,3.2711
2025-08-19,1.9299,2.2626,2.8220,3.2761
2025-08-20,1.9028,2.2264,2.7890,3.2457
2025-08-21,1.9396,2.2674,2.8212,3.2768
2025-08-22,1.9473,2.2574,2.8081,3.2303
2025-08-25,1.9579,2.2863,2.8420,3.3001
2025-08-26,1.9200,2.2336,2.8030,3.2824
2025-08-27,1.9044,2.2145,2.7933,3.2810
2025-08-28,1.9145,2.2091,2.7721,3.2569
2025-08-29,1.9214,2.2196,2.7855,3.2816
2025-09-01,1.9289,2.2394,2.8202,3.3115
2025-09-02,1.9548,2.2772,2.8584,3.3612
2025-09-03,1.9325,2.2435,2.8209,3.3265
2025-09-04,1.9265,2.2226,2.7880,3.2801
2025-09-05,1.9033,2.1856,2.7458,3.2679
2025-09-08,1.8960,2.1607,2.7206,3.2135
2025-09-09,1.9051,2.1837,2.7374,3.2545
2025-09-10,1.9142,2.1856,2.7349,3.2502
2025-09-11,1.9532,2.2210,2.7437,3.2459
2025-09-12,1.9791,2.2636,2.7793,3.2520
2025-09-15,1.9720,2.2518,2.7663,3.2426
2025-09-16,1.9779,2.2507,2.7626,3.2385
2025-09-17,1.9644,2.2425,2.7440,3.2071
2025-09-18,1.9780,2.2611,2.7888,3.2413
2025-09-19,1.9896,2.2810,2.8111,3.2716
2025-09-22,1.9853,2.2770,2.8191,3.2966
2025-09-23,1.9956,2.2937,2.8184,3.2985
2025-09-24,1.9874,2.2852,2.8189,3.2938
2025-09-25,2.0095,2.3139,2.8373,3.2855
2025-09-26,1.9994,2.2979,2.8197,3.2722
2025-09-29,1.9957,2.2792,2.7860,3.2234
2025-09-30,1.9908,2.2734,2.7787,3.2323
2025-10-01,1.9762,2.2531,2.7688,3.2362
2025-10-02,1.9917,2.2737,2.7848,3.2501
2025-10-03,1.9940,2.2688,2.7678,3.2326
2025-10-06,1.9808,2.2652,2.7856,3.2546
2025-10-07,1.9857,2.2805,2.8018,3.2759
2025-10-08,1.9630,2.2386,2.7556,3.2261
2025-10-09,1.9726,2.2600,2.7727,3.2394
2025-10-10,1.9587,2.2341,2.7418,3.2125
2025-10-13,1.9307,2.1908,2.7066,3.1578
2025-10-14,1.9169,2.1788,2.6787,3.1535
2025-10-15,1.9002,2.1450,2.6483,3.0993
2025-10-16,1.9038,2.1528,2.6626,3.1196
2025-10-17,1.8984,2.1511,2.6597,3.1304
2025-10-20,1.8984,2.1560,2.6652,3.1300
2025-10-21,1.8886,2.1360,2.6316,3.0894
2025-10-22,1.8989,2.1463,2.6456,3.0980
2025-10-23,1.9077,2.1577,2.6590,3.1168
2025-10-24,1.9493,2.2148,2.7104,3.1710
2025-10-27,1.9526,2.2149,2.7045,3.1618
2025-10-28,1.9502,2.2104,2.6978,3.1520
2025-10-29,1.9450,2.2106,2.7030,3.1558
2025-10-30,1.9665,2.2349,2.7162,3.1619
2025-10-31,1.9496,2.2252,2.7216,3.1840
2025-11-03,1.9602,2.2412,2.7280,3.2054
2025-11-04,1.9545,2.2349,2.7254,3.2109
2025-11-05,1.9540,2.2411,2.7362,3.2077
2025-11-06,1.9634,2.2441,2.7333,3.2153
2025-11-07,1.9723,2.2480,2.7519,3.2337
2025-11-10,1.9713,2.2474,2.7474,3.2288
2025-11-11,1.9709,2.2449,2.7362,3.2217
2025-11-12,1.9758,2.2371,2.7238,3.1966
2025-11-13,1.9947,2.2729,2.7505,3.2330
2025-11-14,1.9898,2.2912,2.7812,3.2751
2025-11-17,2.0020,2.2980,2.7879,3.2864
2025-11-18,1.9801,2.2652,2.7726,3.2666
2025-11-19,1.9897,2.2682,2.7852,3.2739
2025-11-20,2.0068,2.2851,2.8113,3.3056
2025-11-21,1.9778,2.2580,2.7865,3.2957
2025-11-24,1.9981,2.2753,2.7871,3.2863
2025-11-25,1.9924,2.2614,2.7575,3.2805
2025-11-26,1.9959,2.2669,2.7670,3.2968
2025-11-27,1.9993,2.2669,2.7643,3.2929
2025-11-28,2.0086,2.2771,2.7738,3.2990
2025-12-01,2.0362,2.3242,2.8400,3.3651
2025-12-02,2.0263,2.3391,2.8412,3.3989
2025-12-03,2.0245,2.3177,2.8268,3.3732
2025-12-04,2.0454,2.3434,2.8490,3.3838
2025-12-05,2.0529,2.3667,2.8720,3.4248
2025-12-08,2.1128,2.4467,2.9378,3.4536
2025-12-09,2.1152,2.4426,2.9324,3.4512
2025-12-10,2.1335,2.4694,2.9466,3.4532
2025-12-11,2.1223,2.4476,2.9271,3.4330
2025-12-12,2.1260,2.4631,2.9548,3.4702
2025-12-15,2.1145,2.4392,2.9238,3.4424
2025-12-16,2.1131,2.4503,2.9448,3.4663
2025-12-17,2.1027,2.4421,2.9461,3.4621
2025-12-18,2.1003,2.4422,2.9490,3.4984
2025-12-19,2.1198,2.4687,2.9803,3.5325
2025-12-22,2.1227,2.4828,2.9967,3.5310
2025-12-23,2.1201,2.4630,2.9610,3.4868
2025-12-24,2.1215,2.4620,2.9641,3.4804
2025-12-29,2.0891,2.4131,2.9225,3.4637
2025-12-30,2.1004,2.4429,2.9493,3.4734
2025-12-31,2.1085,2.4407,2.9480,3.4786
2026-01-02,2.1097,2.4594,2.9750,3.5055
2026-01-05,2.1167,2.4522,2.9627,3.4915
2026-01-06,2.0812,2.4106,2.9239,3.4661
2026-01-07,2.0676,2.3890,2.9024,3.4500
2026-01-08,2.0789,2.4101,2.9216,3.4598
2026-01-09,2.0897,2.4052,2.9259,3.4670
2026-01-12,2.0775,2.3905,2.8928,3.4275
2026-01-13,2.0778,2.3999,2.9070,3.4606
2026-01-14,2.0614,2.3796,2.8814,3.4461
2026-01-15,2.0697,2.3815,2.8687,3.4031
2026-01-16,2.0876,2.4068,2.8938,3.4264
2026-01-19,2.0601,2.3809,2.8903,3.4356
2026-01-20,2.0547,2.3995,2.9277,3.4985
2026-01-21,2.0537,2.4031,2.9330,3.5042
2026-01-22,2.0856,2.4237,2.9369,3.4927
2026-01-23,2.1049,2.4428,2.9478,3.5085
2026-01-26,2.0874,2.4157,2.9174,3.4789
2026-01-27,2.0805,2.4123,2.9212,3.4899
2026-01-28,2.0530,2.3920,2.9119,3.4915
2026-01-29,2.0362,2.3729,2.8917,3.5058
2026-01-30,2.0496,2.3789,2.9034,3.5030
2026-02-02,2.0632,2.3979,2.9151,3.5204
2026-02-03,2.0813,2.4243,2.9471,3.5566
2026-02-04,2.0625,2.3995,2.9291,3.5529
2026-02-05,2.0588,2.3974,2.9225,3.5444
2026-02-06,2.0431,2.3768,2.9032,3.5300
2026-02-09,2.0326,2.3698,2.9047,3.5578
2026-02-10,2.0295,2.3374,2.8673,3.4882
2026-02-11,2.0354,2.3450,2.8678,3.4908
2026-02-12,2.0270,2.3325,2.8433,3.4710
2026-02-13,1.9973,2.2940,2.8073,3.4372
2026-02-16,2.0047,2.3008,2.8128,3.4415
2026-02-17,2.0029,2.2826,2.7982,3.4123
2026-02-18,2.0126,2.2986,2.8031,3.4250
2026-02-19,2.0165,2.3069,2.8077,3.4333
2026-02-20,2.0135,2.3017,2.7936,3.3976
2026-02-23,2.0078,2.2823,2.7857,3.4049
2026-02-24,2.0066,2.2729,2.7715,3.3890
2026-02-25,2.0088,2.2739,2.7737,3.3945
2026-02-26,2.0032,2.2670,2.7470,3.3853
2026-02-27,1.9805,2.2330,2.7267,3.3700
2026-03-02,2.0307,2.2832,2.7600,3.3921
2026-03-03,2.1337,2.4025,2.8405,3.4383
2026-03-04,2.0989,2.3610,2.8173,3.4341
2026-03-05,2.1676,2.4436,2.8857,3.4388
2026-03-06,2.2233,2.5048,2.9088,3.4178
2026-03-09,2.2506,2.5274,2.9242,3.4305
2026-03-10,2.1757,2.4655,2.8972,3.4289
2026-03-11,2.3138,2.5423,2.9744,3.4620
2026-03-12,2.3517,2.5622,2.9981,3.4689
2026-03-13,2.3633,2.5825,3.0113,3.4854
2026-03-16,2.3402,2.5553,2.9883,3.4731
2026-03-17,2.3319,2.5378,2.9666,3.4458
2026-03-18,2.4053,2.5980,3.0003,3.4412
2026-03-19,2.4682,2.6324,3.0117,3.4293
2026-03-20,2.5854,2.7319,3.0755,3.4850
2026-03-23,2.5182,2.6596,3.0328,3.4452
2026-03-24,2.5895,2.7044,3.0619,3.4143
2026-03-25,2.5572,2.6622,3.0118,3.3499
2026-03-26,2.6237,2.7403,3.0944,3.4102
2026-03-27,2.6447,2.7829,3.1504,3.4633
2026-03-30,2.6006,2.7156,3.0944,3.4198
2026-03-31,2.5890,2.6940,3.0730,3.3983
2026-04-01,2.5482,2.6700,3.0479,3.4020
2026-04-02,2.5948,2.7022,3.0751,3.4357
2026-04-07,2.6592,2.7564,3.1061,3.4588
2026-04-08,2.4415,2.5868,2.9793,3.4161
2026-04-09,2.5237,2.6731,3.0724,3.4857
2026-04-10,2.5311,2.6965,3.1004,3.5371
2026-04-13,2.5855,2.7223,3.1228,3.5435
2026-04-14,2.5445,2.6966,3.1122,3.5464
2026-04-15,2.4953,2.6633,3.0888,3.5317
2026-04-16,2.4886,2.6568,3.0746,3.5391
2026-04-17,2.4100,2.5872,3.0250,3.5139
2026-04-20,2.4210,2.5968,3.0369,3.5184
2026-04-21,2.4560,2.6187,3.0365,3.4868
2026-04-22,2.4913,2.6485,3.0510,3.4899
2026-04-23,2.5376,2.6745,3.0675,3.4938
2026-04-24,2.5420,2.6740,3.0707,3.4878
2026-04-27,2.5300,2.6744,3.0817,3.5073
2026-04-28,2.6018,2.7230,3.1196,3.5255
2026-04-29,2.6652,2.7790,3.1427,3.5210
2026-04-30,2.6059,2.7273,3.0940,3.5040
2026-05-04,2.6404,2.7481,3.1052,3.5107
2026-05-05,2.6391,2.7565,3.1255,3.5333
2026-05-06,2.5385,2.6541,3.0483,3.4864
2026-05-07,2.5131,2.6386,3.0368,3.4749
2026-05-08,2.5403,2.6562,3.0523,3.4918
2026-05-11,2.5924,2.7048,3.0797,3.5199
2026-05-12,2.6583,2.7788,3.1495,3.5754
2026-05-13,2.6563,2.7831,3.1514,3.5749
2026-05-14,2.6059,2.7345,3.0995,3.5477
2026-05-15,2.6868,2.8298,3.1951,3.6073
2026-05-18,2.6399,2.7893,3.1716,3.6112
2026-05-19,2.6893,2.8465,3.2197,3.6503
2026-05-20,2.6730,2.8181,3.1914,3.6098
2026-05-21,2.6287,2.7612,3.1401,3.5652
2026-05-22,2.5735,2.7275,3.0830,3.5425
2026-05-25,2.4785,2.6280,2.9857,3.4625
2026-05-26,2.5304,2.6787,3.0304,3.4966
2026-05-27,2.5243,2.6577,3.0265,3.4894
2026-05-28,2.5253,2.6737,3.0349,3.5144
2026-05-29,2.5007,2.6495,3.0166,3.5043
2026-06-01,2.5777,2.7183,3.0681,3.5368
2026-06-02,2.5558,2.6753,3.0192,3.4984
2026-06-03,2.5889,2.7168,3.0613,3.5362
2026-06-04,2.5816,2.7186,3.0698,3.5405
2026-06-05,2.6015,2.7417,3.0877,3.5601
2026-06-08,2.6236,2.7495,3.0921,3.5611
2026-06-09,2.6190,2.7389,3.0992,3.5652
2026-06-10,2.6354,2.7589,3.1163,3.5680
2026-06-11,2.6089,2.7196,3.0798,3.5360
2026-06-12,2.5776,2.7171,3.0695,3.5494
2026-06-15,2.5185,2.6445,3.0089,3.5175
2026-06-16,2.5154,2.6414,2.9924,3.4979
2026-06-17,2.5267,2.6383,2.9855,3.4783
2026-06-18,2.5544,2.6554,2.9853,3.4663
2026-06-19,2.5759,2.6979,3.0367,3.5235
2026-06-22,2.5451,2.6586,3.0094,3.5135
2026-06-23,2.5039,2.6255,2.9707,3.4856
2026-06-24,2.4862,2.6023,2.9380,3.4387
2026-06-25,2.4757,2.5842,2.9160,3.4155
2026-06-26,2.4529,2.5727,2.9224,3.4316
2026-06-29,2.4767,2.5832,2.9229,3.4337
2026-06-30,2.4761,2.5832,2.9245,3.4328
2026-07-01,2.4739,2.6008,2.9634,3.4781
2026-07-02,2.4543,2.6134,2.9879,3.5016
2026-07-03,2.4707,2.6400,3.0061,3.5211
2026-07-06,2.4846,2.6399,3.0157,3.5354
2026-07-07,2.5291,2.6843,3.0569,3.5600
2026-07-08,2.6193,2.7674,3.1370,3.6064
2026-07-09,2.6146,2.7629,3.1292,3.6265
2026-07-10,2.5993,2.7430,3.1086,3.6047
2026-07-13,2.6446,2.7735,3.1247,3.6101
2026-07-14,2.6875,2.8065,3.1463,3.6067
2026-07-15,2.6762,2.8187,3.1545,3.6239
2026-07-16,2.6989,2.8405,3.1773,3.6489
2026-07-17,2.6977,2.8309,3.1521,3.6013
2026-07-20,2.7099,2.8383,3.1678,3.6304
2026-07-21,2.7374,2.8810,3.2101,3.6557
2026-07-22,2.7617,2.8937,3.2040,3.6472
2026-07-23,2.8006,2.9297,3.2247,3.6516
2026-07-24,2.7720,2.8954,3.2070,3.6200
2026-07-27,2.7296,2.8453,3.1658,3.5925
2026-07-28,2.7076,2.8325,3.1580,3.5975
2026-07-29,2.7320,2.8559,3.1750,3.5955
2026-07-30,2.7131,2.8573,3.2007,3.6411
2026-07-31,2.7608,2.8862,3.2273,3.6493
2026-08-03,2.7021,2.8404,3.1855,3.6282
2026-08-04,2.6623,2.7831,3.1463,3.5944
2026-08-05,2.6703,2.7949,3.1466,3.5974
2026-08-06,2.6725,2.8034,3.1467,3.5970
2026-08-07,2.6659,2.8122,3.1523,3.6222
2026-08-10,2.7208,2.8627,3.1993,3.6502
2026-08-11,2.7087,2.8421,3.1761,3.6307
2026-08-12,2.7005,2.8281,3.1654,3.6175
2026-08-13,2.6910,2.8257,3.1557,3.6262
2026-08-14,2.7276,2.8627,3.2126,3.6840
2026-08-17,2.7360,2.8809,3.2423,3.7063
2026-08-18,2.7805,2.9315,3.2886,3.7376
2026-08-19,2.7808,2.9392,3.2782,3.7102
2026-08-20,2.7914,2.9343,3.2792,3.7256
2026-08-21,2.7611,2.9178,3.2710,3.7232
2026-08-24,2.7964,2.9380,3.2804,3.7265
2026-08-25,2.7504,2.8925,3.2448,3.6996
2026-08-26,2.7554,2.8998,3.2485,3.6988
2026-08-27,2.7851,2.9303,3.2773,3.7271
2026-08-28,2.8054,2.9432,3.2789,3.7280
2026-08-31,2.8560,3.0077,3.3396,3.7756
2026-09-01,2.8760,3.0262,3.3552,3.7867
2026-09-02,2.9132,3.0593,3.3919,3.7814
2026-09-03,2.8857,3.0240,3.3646,3.7674
